,INDEX,KEYVALUE,LABEL,RED,GREEN,BLUE,ALPHA,HEMISPHERE,NETWORK,NETWORKKEY,NETWORKSORTEDORDER
0,1,1,Visual1-04_L-Ctx,0.0,0.0,1.0,1.0,L,Visual1,1,1
1,2,2,Visual2-28_L-Ctx,0.392,0.0,1.0,1.0,L,Visual2,2,121
2,3,3,Visual2-29_L-Ctx,0.392,0.0,1.0,1.0,L,Visual2,2,142
3,4,4,Visual2-30_L-Ctx,0.392,0.0,1.0,1.0,L,Visual2,2,181
4,5,5,Visual2-31_L-Ctx,0.392,0.0,1.0,1.0,L,Visual2,2,301
5,6,6,Visual2-32_L-Ctx,0.392,0.0,1.0,1.0,L,Visual2,2,322
6,7,7,Visual2-33_L-Ctx,0.392,0.0,1.0,1.0,L,Visual2,2,361
7,8,8,Somatomotor-21_L-Ctx,0.0,1.0,1.0,1.0,L,Somatomotor,3,362
8,9,9,Somatomotor-22_L-Ctx,0.0,1.0,1.0,1.0,L,Somatomotor,3,363
9,10,10,Cingulo-Opercular-30_L-Ctx,0.6,0.0,0.6,1.0,L,Cingulo-Opercular,4,364
10,11,11,Dorsal-Attention-12_L-Ctx,0.0,1.0,0.0,1.0,L,Dorsal-Attention,5,365
11,12,12,Language-10_L-Ctx,0.0,0.608,0.608,1.0,L,Language,6,366
12,13,13,Visual2-34_L-Ctx,0.392,0.0,1.0,1.0,L,Visual2,2,367
13,14,14,Frontoparietal-29_L-Ctx,1.0,1.0,0.0,1.0,L,Frontoparietal,7,368
14,15,15,Frontoparietal-30_L-Ctx,1.0,1.0,0.0,1.0,L,Frontoparietal,7,369
15,16,16,Visual2-35_L-Ctx,0.392,0.0,1.0,1.0,L,Visual2,2,370
16,17,17,Visual2-36_L-Ctx,0.392,0.0,1.0,1.0,L,Visual2,2,371
17,18,18,Visual2-37_L-Ctx,0.392,0.0,1.0,1.0,L,Visual2,2,372
18,19,19,Visual2-38_L-Ctx,0.392,0.0,1.0,1.0,L,Visual2,2,373
19,20,20,Visual2-39_L-Ctx,0.392,0.0,1.0,1.0,L,Visual2,2,374
20,21,21,Visual2-40_L-Ctx,0.392,0.0,1.0,1.0,L,Visual2,2,375
21,22,22,Visual2-41_L-Ctx,0.392,0.0,1.0,1.0,L,Visual2,2,376
22,23,23,Visual2-42_L-Ctx,0.392,0.0,1.0,1.0,L,Visual2,2,377
23,24,24,Auditory-08_L-Ctx,0.98,0.243,0.9840000000000001,1.0,L,Auditory,8,378
24,25,25,Language-11_L-Ctx,0.0,0.608,0.608,1.0,L,Language,6,379
25,26,26,Language-12_L-Ctx,0.0,0.608,0.608,1.0,L,Language,6,380
26,27,27,Posterior-Multimodal-05_L-Ctx,0.6940000000000001,0.349,0.157,1.0,L,Posterior-Multimodal,10,381
27,28,28,Language-13_L-Ctx,0.0,0.608,0.608,1.0,L,Language,6,382
28,29,29,Frontoparietal-31_L-Ctx,1.0,1.0,0.0,1.0,L,Frontoparietal,7,383
29,30,30,Default-38_L-Ctx,1.0,0.0,0.0,1.0,L,Default,9,384
30,31,31,Default-39_L-Ctx,1.0,0.0,0.0,1.0,L,Default,9,385
31,32,32,Default-40_L-Ctx,1.0,0.0,0.0,1.0,L,Default,9,386
32,33,33,Default-41_L-Ctx,1.0,0.0,0.0,1.0,L,Default,9,387
33,34,34,Default-42_L-Ctx,1.0,0.0,0.0,1.0,L,Default,9,388
34,35,35,Default-43_L-Ctx,1.0,0.0,0.0,1.0,L,Default,9,389
35,36,36,Somatomotor-23_L-Ctx,0.0,1.0,1.0,1.0,L,Somatomotor,3,390
36,37,37,Cingulo-Opercular-31_L-Ctx,0.6,0.0,0.6,1.0,L,Cingulo-Opercular,4,391
37,38,38,Cingulo-Opercular-32_L-Ctx,0.6,0.0,0.6,1.0,L,Cingulo-Opercular,4,392
38,39,39,Somatomotor-24_L-Ctx,0.0,1.0,1.0,1.0,L,Somatomotor,3,393
39,40,40,Somatomotor-25_L-Ctx,0.0,1.0,1.0,1.0,L,Somatomotor,3,394
40,41,41,Somatomotor-26_L-Ctx,0.0,1.0,1.0,1.0,L,Somatomotor,3,395
41,42,42,Somatomotor-27_L-Ctx,0.0,1.0,1.0,1.0,L,Somatomotor,3,396
42,43,43,Cingulo-Opercular-33_L-Ctx,0.6,0.0,0.6,1.0,L,Cingulo-Opercular,4,397
43,44,44,Cingulo-Opercular-34_L-Ctx,0.6,0.0,0.6,1.0,L,Cingulo-Opercular,4,398
44,45,45,Cingulo-Opercular-35_L-Ctx,0.6,0.0,0.6,1.0,L,Cingulo-Opercular,4,399
45,46,46,Dorsal-Attention-13_L-Ctx,0.0,1.0,0.0,1.0,L,Dorsal-Attention,5,400
46,47,47,Somatomotor-28_L-Ctx,0.0,1.0,1.0,1.0,L,Somatomotor,3,401
47,48,48,Visual2-43_L-Ctx,0.392,0.0,1.0,1.0,L,Visual2,2,402
48,49,49,Visual2-44_L-Ctx,0.392,0.0,1.0,1.0,L,Visual2,2,403
49,50,50,Dorsal-Attention-14_L-Ctx,0.0,1.0,0.0,1.0,L,Dorsal-Attention,5,404
50,51,51,Somatomotor-29_L-Ctx,0.0,1.0,1.0,1.0,L,Somatomotor,3,405
51,52,52,Somatomotor-30_L-Ctx,0.0,1.0,1.0,1.0,L,Somatomotor,3,406
52,53,53,Somatomotor-31_L-Ctx,0.0,1.0,1.0,1.0,L,Somatomotor,3,407
53,54,54,Somatomotor-32_L-Ctx,0.0,1.0,1.0,1.0,L,Somatomotor,3,408
54,55,55,Somatomotor-33_L-Ctx,0.0,1.0,1.0,1.0,L,Somatomotor,3,409
55,56,56,Somatomotor-34_L-Ctx,0.0,1.0,1.0,1.0,L,Somatomotor,3,410
56,57,57,Cingulo-Opercular-36_L-Ctx,0.6,0.0,0.6,1.0,L,Cingulo-Opercular,4,411
57,58,58,Cingulo-Opercular-37_L-Ctx,0.6,0.0,0.6,1.0,L,Cingulo-Opercular,4,412
58,59,59,Cingulo-Opercular-38_L-Ctx,0.6,0.0,0.6,1.0,L,Cingulo-Opercular,4,413
59,60,60,Cingulo-Opercular-39_L-Ctx,0.6,0.0,0.6,1.0,L,Cingulo-Opercular,4,414
60,61,61,Default-44_L-Ctx,1.0,0.0,0.0,1.0,L,Default,9,415
61,62,62,Default-45_L-Ctx,1.0,0.0,0.0,1.0,L,Default,9,416
62,63,63,Frontoparietal-32_L-Ctx,1.0,1.0,0.0,1.0,L,Frontoparietal,7,417
63,64,64,Default-46_L-Ctx,1.0,0.0,0.0,1.0,L,Default,9,418
64,65,65,Default-47_L-Ctx,1.0,0.0,0.0,1.0,L,Default,9,419
65,66,66,Default-48_L-Ctx,1.0,0.0,0.0,1.0,L,Default,9,420
66,67,67,Default-49_L-Ctx,1.0,0.0,0.0,1.0,L,Default,9,421
67,68,68,Default-50_L-Ctx,1.0,0.0,0.0,1.0,L,Default,9,422
68,69,69,Default-51_L-Ctx,1.0,0.0,0.0,1.0,L,Default,9,423
69,70,70,Default-52_L-Ctx,1.0,0.0,0.0,1.0,L,Default,9,2
70,71,71,Default-53_L-Ctx,1.0,0.0,0.0,1.0,L,Default,9,3
71,72,72,Default-54_L-Ctx,1.0,0.0,0.0,1.0,L,Default,9,4
72,73,73,Frontoparietal-33_L-Ctx,1.0,1.0,0.0,1.0,L,Frontoparietal,7,5
73,74,74,Language-14_L-Ctx,0.0,0.608,0.608,1.0,L,Language,6,6
74,75,75,Language-15_L-Ctx,0.0,0.608,0.608,1.0,L,Language,6,7
75,76,76,Default-55_L-Ctx,1.0,0.0,0.0,1.0,L,Default,9,13
76,77,77,Frontoparietal-34_L-Ctx,1.0,1.0,0.0,1.0,L,Frontoparietal,7,16
77,78,78,Cingulo-Opercular-40_L-Ctx,0.6,0.0,0.6,1.0,L,Cingulo-Opercular,4,17
78,79,79,Language-16_L-Ctx,0.0,0.608,0.608,1.0,L,Language,6,18
79,80,80,Frontoparietal-35_L-Ctx,1.0,1.0,0.0,1.0,L,Frontoparietal,7,19
80,81,81,Language-17_L-Ctx,0.0,0.608,0.608,1.0,L,Language,6,20
81,82,82,Frontoparietal-36_L-Ctx,1.0,1.0,0.0,1.0,L,Frontoparietal,7,21
82,83,83,Frontoparietal-37_L-Ctx,1.0,1.0,0.0,1.0,L,Frontoparietal,7,22
83,84,84,Cingulo-Opercular-41_L-Ctx,0.6,0.0,0.6,1.0,L,Cingulo-Opercular,4,23
84,85,85,Frontoparietal-38_L-Ctx,1.0,1.0,0.0,1.0,L,Frontoparietal,7,48
85,86,86,Cingulo-Opercular-42_L-Ctx,0.6,0.0,0.6,1.0,L,Cingulo-Opercular,4,49
86,87,87,Default-56_L-Ctx,1.0,0.0,0.0,1.0,L,Default,9,138
87,88,88,Default-57_L-Ctx,1.0,0.0,0.0,1.0,L,Default,9,152
88,89,89,Frontoparietal-39_L-Ctx,1.0,1.0,0.0,1.0,L,Frontoparietal,7,153
89,90,90,Default-58_L-Ctx,1.0,0.0,0.0,1.0,L,Default,9,154
90,91,91,Frontoparietal-40_L-Ctx,1.0,1.0,0.0,1.0,L,Frontoparietal,7,156
91,92,92,Frontoparietal-41_L-Ctx,1.0,1.0,0.0,1.0,L,Frontoparietal,7,157
92,93,93,Default-59_L-Ctx,1.0,0.0,0.0,1.0,L,Default,9,158
93,94,94,Default-60_L-Ctx,1.0,0.0,0.0,1.0,L,Default,9,159
94,95,95,Dorsal-Attention-15_L-Ctx,0.0,1.0,0.0,1.0,L,Dorsal-Attention,5,160
95,96,96,Dorsal-Attention-16_L-Ctx,0.0,1.0,0.0,1.0,L,Dorsal-Attention,5,163
96,97,97,Frontoparietal-42_L-Ctx,1.0,1.0,0.0,1.0,L,Frontoparietal,7,182
97,98,98,Frontoparietal-43_L-Ctx,1.0,1.0,0.0,1.0,L,Frontoparietal,7,183
98,99,99,Cingulo-Opercular-43_L-Ctx,0.6,0.0,0.6,1.0,L,Cingulo-Opercular,4,184
99,100,100,Somatomotor-35_L-Ctx,0.0,1.0,1.0,1.0,L,Somatomotor,3,185
100,101,101,Somatomotor-36_L-Ctx,0.0,1.0,1.0,1.0,L,Somatomotor,3,186
101,102,102,Somatomotor-37_L-Ctx,0.0,1.0,1.0,1.0,L,Somatomotor,3,187
102,103,103,Auditory-09_L-Ctx,0.98,0.243,0.9840000000000001,1.0,L,Auditory,8,193
103,104,104,Auditory-10_L-Ctx,0.98,0.243,0.9840000000000001,1.0,L,Auditory,8,196
104,105,105,Cingulo-Opercular-44_L-Ctx,0.6,0.0,0.6,1.0,L,Cingulo-Opercular,4,197
105,106,106,Cingulo-Opercular-45_L-Ctx,0.6,0.0,0.6,1.0,L,Cingulo-Opercular,4,198
106,107,107,Auditory-11_L-Ctx,0.98,0.243,0.9840000000000001,1.0,L,Auditory,8,199
107,108,108,Cingulo-Opercular-46_L-Ctx,0.6,0.0,0.6,1.0,L,Cingulo-Opercular,4,200
108,109,109,Cingulo-Opercular-47_L-Ctx,0.6,0.0,0.6,1.0,L,Cingulo-Opercular,4,201
109,110,110,Orbito-Affective-04_L-Ctx,0.255,0.49,0.0,0.659,L,Orbito-Affective,12,202
110,111,111,Frontoparietal-44_L-Ctx,1.0,1.0,0.0,1.0,L,Frontoparietal,7,203
111,112,112,Orbito-Affective-05_L-Ctx,0.255,0.49,0.0,0.659,L,Orbito-Affective,12,228
112,113,113,Cingulo-Opercular-48_L-Ctx,0.6,0.0,0.6,1.0,L,Cingulo-Opercular,4,229
113,114,114,Cingulo-Opercular-49_L-Ctx,0.6,0.0,0.6,1.0,L,Cingulo-Opercular,4,318
114,115,115,Somatomotor-38_L-Ctx,0.0,1.0,1.0,1.0,L,Somatomotor,3,332
115,116,116,Dorsal-Attention-17_L-Ctx,0.0,1.0,0.0,1.0,L,Dorsal-Attention,5,333
116,117,117,Dorsal-Attention-18_L-Ctx,0.0,1.0,0.0,1.0,L,Dorsal-Attention,5,334
117,118,118,Default-61_L-Ctx,1.0,0.0,0.0,1.0,L,Default,9,336
118,119,119,Default-62_L-Ctx,1.0,0.0,0.0,1.0,L,Default,9,337
119,120,120,Default-63_L-Ctx,1.0,0.0,0.0,1.0,L,Default,9,338
120,121,121,Visual1-05_L-Ctx,0.0,0.0,1.0,1.0,L,Visual1,1,339
121,122,122,Ventral-Multimodal-03_L-Ctx,1.0,0.616,0.0,1.0,L,Ventral-Multimodal,11,340
122,123,123,Language-18_L-Ctx,0.0,0.608,0.608,1.0,L,Language,6,343
123,124,124,Auditory-12_L-Ctx,0.98,0.243,0.9840000000000001,1.0,L,Auditory,8,424
124,125,125,Language-19_L-Ctx,0.0,0.608,0.608,1.0,L,Language,6,425
125,126,126,Default-64_L-Ctx,1.0,0.0,0.0,1.0,L,Default,9,426
126,127,127,Dorsal-Attention-19_L-Ctx,0.0,1.0,0.0,1.0,L,Dorsal-Attention,5,427
127,128,128,Language-20_L-Ctx,0.0,0.608,0.608,1.0,L,Language,6,428
128,129,129,Language-21_L-Ctx,0.0,0.608,0.608,1.0,L,Language,6,429
129,130,130,Default-65_L-Ctx,1.0,0.0,0.0,1.0,L,Default,9,430
130,131,131,Default-66_L-Ctx,1.0,0.0,0.0,1.0,L,Default,9,431
131,132,132,Default-67_L-Ctx,1.0,0.0,0.0,1.0,L,Default,9,432
132,133,133,Frontoparietal-45_L-Ctx,1.0,1.0,0.0,1.0,L,Frontoparietal,7,433
133,134,134,Default-68_L-Ctx,1.0,0.0,0.0,1.0,L,Default,9,434
134,135,135,Ventral-Multimodal-04_L-Ctx,1.0,0.616,0.0,1.0,L,Ventral-Multimodal,11,435
135,136,136,Dorsal-Attention-20_L-Ctx,0.0,1.0,0.0,1.0,L,Dorsal-Attention,5,436
136,137,137,Dorsal-Attention-21_L-Ctx,0.0,1.0,0.0,1.0,L,Dorsal-Attention,5,437
137,138,138,Visual2-45_L-Ctx,0.392,0.0,1.0,1.0,L,Visual2,2,438
138,139,139,Language-22_L-Ctx,0.0,0.608,0.608,1.0,L,Language,6,439
139,140,140,Posterior-Multimodal-06_L-Ctx,0.6940000000000001,0.349,0.157,1.0,L,Posterior-Multimodal,10,440
140,141,141,Posterior-Multimodal-07_L-Ctx,0.6940000000000001,0.349,0.157,1.0,L,Posterior-Multimodal,10,441
141,142,142,Visual1-06_L-Ctx,0.0,0.0,1.0,1.0,L,Visual1,1,442
142,143,143,Dorsal-Attention-22_L-Ctx,0.0,1.0,0.0,1.0,L,Dorsal-Attention,5,443
143,144,144,Frontoparietal-46_L-Ctx,1.0,1.0,0.0,1.0,L,Frontoparietal,7,444
144,145,145,Frontoparietal-47_L-Ctx,1.0,1.0,0.0,1.0,L,Frontoparietal,7,445
145,146,146,Dorsal-Attention-23_L-Ctx,0.0,1.0,0.0,1.0,L,Dorsal-Attention,5,446
146,147,147,Cingulo-Opercular-50_L-Ctx,0.6,0.0,0.6,1.0,L,Cingulo-Opercular,4,447
147,148,148,Cingulo-Opercular-51_L-Ctx,0.6,0.0,0.6,1.0,L,Cingulo-Opercular,4,448
148,149,149,Frontoparietal-48_L-Ctx,1.0,1.0,0.0,1.0,L,Frontoparietal,7,449
149,150,150,Default-69_L-Ctx,1.0,0.0,0.0,1.0,L,Default,9,450
150,151,151,Default-70_L-Ctx,1.0,0.0,0.0,1.0,L,Default,9,451
151,152,152,Visual2-46_L-Ctx,0.392,0.0,1.0,1.0,L,Visual2,2,452
152,153,153,Visual2-47_L-Ctx,0.392,0.0,1.0,1.0,L,Visual2,2,8
153,154,154,Visual2-48_L-Ctx,0.392,0.0,1.0,1.0,L,Visual2,2,9
154,155,155,Default-71_L-Ctx,1.0,0.0,0.0,1.0,L,Default,9,36
155,156,156,Visual2-49_L-Ctx,0.392,0.0,1.0,1.0,L,Visual2,2,39
156,157,157,Visual2-50_L-Ctx,0.392,0.0,1.0,1.0,L,Visual2,2,40
157,158,158,Visual2-51_L-Ctx,0.392,0.0,1.0,1.0,L,Visual2,2,41
158,159,159,Visual2-52_L-Ctx,0.392,0.0,1.0,1.0,L,Visual2,2,42
159,160,160,Visual2-53_L-Ctx,0.392,0.0,1.0,1.0,L,Visual2,2,47
160,161,161,Default-72_L-Ctx,1.0,0.0,0.0,1.0,L,Default,9,51
161,162,162,Default-73_L-Ctx,1.0,0.0,0.0,1.0,L,Default,9,52
162,163,163,Visual2-54_L-Ctx,0.392,0.0,1.0,1.0,L,Visual2,2,53
163,164,164,Default-74_L-Ctx,1.0,0.0,0.0,1.0,L,Default,9,54
164,165,165,Default-75_L-Ctx,1.0,0.0,0.0,1.0,L,Default,9,55
165,166,166,Orbito-Affective-06_L-Ctx,0.255,0.49,0.0,0.659,L,Orbito-Affective,12,56
166,167,167,Cingulo-Opercular-52_L-Ctx,0.6,0.0,0.6,1.0,L,Cingulo-Opercular,4,100
167,168,168,Somatomotor-39_L-Ctx,0.0,1.0,1.0,1.0,L,Somatomotor,3,101
168,169,169,Cingulo-Opercular-53_L-Ctx,0.6,0.0,0.6,1.0,L,Cingulo-Opercular,4,102
169,170,170,Frontoparietal-49_L-Ctx,1.0,1.0,0.0,1.0,L,Frontoparietal,7,115
170,171,171,Frontoparietal-50_L-Ctx,1.0,1.0,0.0,1.0,L,Frontoparietal,7,168
171,172,172,Language-23_L-Ctx,0.0,0.608,0.608,1.0,L,Language,6,188
172,173,173,Auditory-13_L-Ctx,0.98,0.243,0.9840000000000001,1.0,L,Auditory,8,189
173,174,174,Auditory-14_L-Ctx,0.98,0.243,0.9840000000000001,1.0,L,Auditory,8,216
174,175,175,Auditory-15_L-Ctx,0.98,0.243,0.9840000000000001,1.0,L,Auditory,8,219
175,176,176,Default-76_L-Ctx,1.0,0.0,0.0,1.0,L,Default,9,220
176,177,177,Default-77_L-Ctx,1.0,0.0,0.0,1.0,L,Default,9,221
177,178,178,Cingulo-Opercular-54_L-Ctx,0.6,0.0,0.6,1.0,L,Cingulo-Opercular,4,222
178,179,179,Cingulo-Opercular-55_L-Ctx,0.6,0.0,0.6,1.0,L,Cingulo-Opercular,4,227
179,180,180,Cingulo-Opercular-56_L-Ctx,0.6,0.0,0.6,1.0,L,Cingulo-Opercular,4,231
180,181,201,Visual1-01_R-Ctx,0.0,0.0,1.0,1.0,R,Visual1,1,232
181,182,202,Visual2-01_R-Ctx,0.392,0.0,1.0,1.0,R,Visual2,2,233
182,183,203,Visual2-02_R-Ctx,0.392,0.0,1.0,1.0,R,Visual2,2,234
183,184,204,Visual2-03_R-Ctx,0.392,0.0,1.0,1.0,R,Visual2,2,235
184,185,205,Visual2-04_R-Ctx,0.392,0.0,1.0,1.0,R,Visual2,2,236
185,186,206,Visual2-05_R-Ctx,0.392,0.0,1.0,1.0,R,Visual2,2,280
186,187,207,Visual2-06_R-Ctx,0.392,0.0,1.0,1.0,R,Visual2,2,281
187,188,208,Somatomotor-01_R-Ctx,0.0,1.0,1.0,1.0,R,Somatomotor,3,282
188,189,209,Somatomotor-02_R-Ctx,0.0,1.0,1.0,1.0,R,Somatomotor,3,284
189,190,210,Cingulo-Opercular-01_R-Ctx,0.6,0.0,0.6,1.0,R,Cingulo-Opercular,4,295
190,191,211,Cingulo-Opercular-02_R-Ctx,0.6,0.0,0.6,1.0,R,Cingulo-Opercular,4,348
191,192,212,Language-01_R-Ctx,0.0,0.608,0.608,1.0,R,Language,6,453
192,193,213,Visual2-07_R-Ctx,0.392,0.0,1.0,1.0,R,Visual2,2,454
193,194,214,Frontoparietal-01_R-Ctx,1.0,1.0,0.0,1.0,R,Frontoparietal,7,455
194,195,215,Frontoparietal-02_R-Ctx,1.0,1.0,0.0,1.0,R,Frontoparietal,7,456
195,196,216,Visual2-08_R-Ctx,0.392,0.0,1.0,1.0,R,Visual2,2,457
196,197,217,Visual2-09_R-Ctx,0.392,0.0,1.0,1.0,R,Visual2,2,458
197,198,218,Visual2-10_R-Ctx,0.392,0.0,1.0,1.0,R,Visual2,2,459
198,199,219,Visual2-11_R-Ctx,0.392,0.0,1.0,1.0,R,Visual2,2,460
199,200,220,Visual2-12_R-Ctx,0.392,0.0,1.0,1.0,R,Visual2,2,461
200,201,221,Visual2-13_R-Ctx,0.392,0.0,1.0,1.0,R,Visual2,2,462
201,202,222,Visual2-14_R-Ctx,0.392,0.0,1.0,1.0,R,Visual2,2,463
202,203,223,Visual2-15_R-Ctx,0.392,0.0,1.0,1.0,R,Visual2,2,464
203,204,224,Auditory-01_R-Ctx,0.98,0.243,0.9840000000000001,1.0,R,Auditory,8,465
204,205,225,Cingulo-Opercular-03_R-Ctx,0.6,0.0,0.6,1.0,R,Cingulo-Opercular,4,466
205,206,226,Language-02_R-Ctx,0.0,0.608,0.608,1.0,R,Language,6,467
206,207,227,Posterior-Multimodal-01_R-Ctx,0.6940000000000001,0.349,0.157,1.0,R,Posterior-Multimodal,10,468
207,208,228,Posterior-Multimodal-02_R-Ctx,0.6940000000000001,0.349,0.157,1.0,R,Posterior-Multimodal,10,469
208,209,229,Frontoparietal-03_R-Ctx,1.0,1.0,0.0,1.0,R,Frontoparietal,7,470
209,210,230,Default-01_R-Ctx,1.0,0.0,0.0,1.0,R,Default,9,471
210,211,231,Default-02_R-Ctx,1.0,0.0,0.0,1.0,R,Default,9,472
211,212,232,Default-03_R-Ctx,1.0,0.0,0.0,1.0,R,Default,9,473
212,213,233,Default-04_R-Ctx,1.0,0.0,0.0,1.0,R,Default,9,474
213,214,234,Default-05_R-Ctx,1.0,0.0,0.0,1.0,R,Default,9,475
214,215,235,Default-06_R-Ctx,1.0,0.0,0.0,1.0,R,Default,9,476
215,216,236,Somatomotor-03_R-Ctx,0.0,1.0,1.0,1.0,R,Somatomotor,3,477
216,217,237,Cingulo-Opercular-04_R-Ctx,0.6,0.0,0.6,1.0,R,Cingulo-Opercular,4,478
217,218,238,Cingulo-Opercular-05_R-Ctx,0.6,0.0,0.6,1.0,R,Cingulo-Opercular,4,479
218,219,239,Somatomotor-04_R-Ctx,0.0,1.0,1.0,1.0,R,Somatomotor,3,480
219,220,240,Somatomotor-05_R-Ctx,0.0,1.0,1.0,1.0,R,Somatomotor,3,10
220,221,241,Somatomotor-06_R-Ctx,0.0,1.0,1.0,1.0,R,Somatomotor,3,37
221,222,242,Somatomotor-07_R-Ctx,0.0,1.0,1.0,1.0,R,Somatomotor,3,38
222,223,243,Cingulo-Opercular-06_R-Ctx,0.6,0.0,0.6,1.0,R,Cingulo-Opercular,4,43
223,224,244,Cingulo-Opercular-07_R-Ctx,0.6,0.0,0.6,1.0,R,Cingulo-Opercular,4,44
224,225,245,Cingulo-Opercular-08_R-Ctx,0.6,0.0,0.6,1.0,R,Cingulo-Opercular,4,45
225,226,246,Dorsal-Attention-01_R-Ctx,0.0,1.0,0.0,1.0,R,Dorsal-Attention,5,57
226,227,247,Somatomotor-08_R-Ctx,0.0,1.0,1.0,1.0,R,Somatomotor,3,58
227,228,248,Visual2-16_R-Ctx,0.392,0.0,1.0,1.0,R,Visual2,2,59
228,229,249,Visual2-17_R-Ctx,0.392,0.0,1.0,1.0,R,Visual2,2,60
229,230,250,Dorsal-Attention-02_R-Ctx,0.0,1.0,0.0,1.0,R,Dorsal-Attention,5,78
230,231,251,Somatomotor-09_R-Ctx,0.0,1.0,1.0,1.0,R,Somatomotor,3,84
231,232,252,Somatomotor-10_R-Ctx,0.0,1.0,1.0,1.0,R,Somatomotor,3,86
232,233,253,Somatomotor-11_R-Ctx,0.0,1.0,1.0,1.0,R,Somatomotor,3,99
233,234,254,Somatomotor-12_R-Ctx,0.0,1.0,1.0,1.0,R,Somatomotor,3,105
234,235,255,Somatomotor-13_R-Ctx,0.0,1.0,1.0,1.0,R,Somatomotor,3,106
235,236,256,Somatomotor-14_R-Ctx,0.0,1.0,1.0,1.0,R,Somatomotor,3,108
236,237,257,Cingulo-Opercular-09_R-Ctx,0.6,0.0,0.6,1.0,R,Cingulo-Opercular,4,109
237,238,258,Frontoparietal-04_R-Ctx,1.0,1.0,0.0,1.0,R,Frontoparietal,7,113
238,239,259,Cingulo-Opercular-10_R-Ctx,0.6,0.0,0.6,1.0,R,Cingulo-Opercular,4,114
239,240,260,Cingulo-Opercular-11_R-Ctx,0.6,0.0,0.6,1.0,R,Cingulo-Opercular,4,147
240,241,261,Default-07_R-Ctx,1.0,0.0,0.0,1.0,R,Default,9,148
241,242,262,Frontoparietal-05_R-Ctx,1.0,1.0,0.0,1.0,R,Frontoparietal,7,167
242,243,263,Frontoparietal-06_R-Ctx,1.0,1.0,0.0,1.0,R,Frontoparietal,7,169
243,244,264,Default-08_R-Ctx,1.0,0.0,0.0,1.0,R,Default,9,178
244,245,265,Default-09_R-Ctx,1.0,0.0,0.0,1.0,R,Default,9,179
245,246,266,Default-10_R-Ctx,1.0,0.0,0.0,1.0,R,Default,9,180
246,247,267,Default-11_R-Ctx,1.0,0.0,0.0,1.0,R,Default,9,190
247,248,268,Default-12_R-Ctx,1.0,0.0,0.0,1.0,R,Default,9,191
248,249,269,Default-13_R-Ctx,1.0,0.0,0.0,1.0,R,Default,9,205
249,250,270,Default-14_R-Ctx,1.0,0.0,0.0,1.0,R,Default,9,217
250,251,271,Default-15_R-Ctx,1.0,0.0,0.0,1.0,R,Default,9,218
251,252,272,Default-16_R-Ctx,1.0,0.0,0.0,1.0,R,Default,9,223
252,253,273,Frontoparietal-07_R-Ctx,1.0,1.0,0.0,1.0,R,Frontoparietal,7,224
253,254,274,Frontoparietal-08_R-Ctx,1.0,1.0,0.0,1.0,R,Frontoparietal,7,225
254,255,275,Language-03_R-Ctx,0.0,0.608,0.608,1.0,R,Language,6,237
255,256,276,Default-17_R-Ctx,1.0,0.0,0.0,1.0,R,Default,9,239
256,257,277,Frontoparietal-09_R-Ctx,1.0,1.0,0.0,1.0,R,Frontoparietal,7,240
257,258,278,Cingulo-Opercular-12_R-Ctx,0.6,0.0,0.6,1.0,R,Cingulo-Opercular,4,258
258,259,279,Language-04_R-Ctx,0.0,0.608,0.608,1.0,R,Language,6,262
259,260,280,Frontoparietal-10_R-Ctx,1.0,1.0,0.0,1.0,R,Frontoparietal,7,264
260,261,281,Frontoparietal-11_R-Ctx,1.0,1.0,0.0,1.0,R,Frontoparietal,7,266
261,262,282,Cingulo-Opercular-13_R-Ctx,0.6,0.0,0.6,1.0,R,Cingulo-Opercular,4,279
262,263,283,Frontoparietal-12_R-Ctx,1.0,1.0,0.0,1.0,R,Frontoparietal,7,285
263,264,284,Cingulo-Opercular-14_R-Ctx,0.6,0.0,0.6,1.0,R,Cingulo-Opercular,4,286
264,265,285,Frontoparietal-13_R-Ctx,1.0,1.0,0.0,1.0,R,Frontoparietal,7,288
265,266,286,Cingulo-Opercular-15_R-Ctx,0.6,0.0,0.6,1.0,R,Cingulo-Opercular,4,289
266,267,287,Default-18_R-Ctx,1.0,0.0,0.0,1.0,R,Default,9,293
267,268,288,Default-19_R-Ctx,1.0,0.0,0.0,1.0,R,Default,9,294
268,269,289,Frontoparietal-14_R-Ctx,1.0,1.0,0.0,1.0,R,Frontoparietal,7,327
269,270,290,Default-20_R-Ctx,1.0,0.0,0.0,1.0,R,Default,9,328
270,271,291,Frontoparietal-15_R-Ctx,1.0,1.0,0.0,1.0,R,Frontoparietal,7,347
271,272,292,Frontoparietal-16_R-Ctx,1.0,1.0,0.0,1.0,R,Frontoparietal,7,349
272,273,293,Frontoparietal-17_R-Ctx,1.0,1.0,0.0,1.0,R,Frontoparietal,7,358
273,274,294,Default-21_R-Ctx,1.0,0.0,0.0,1.0,R,Default,9,359
274,275,295,Dorsal-Attention-03_R-Ctx,0.0,1.0,0.0,1.0,R,Dorsal-Attention,5,360
275,276,296,Dorsal-Attention-04_R-Ctx,0.0,1.0,0.0,1.0,R,Dorsal-Attention,5,481
276,277,297,Frontoparietal-18_R-Ctx,1.0,1.0,0.0,1.0,R,Frontoparietal,7,482
277,278,298,Frontoparietal-19_R-Ctx,1.0,1.0,0.0,1.0,R,Frontoparietal,7,483
278,279,299,Cingulo-Opercular-16_R-Ctx,0.6,0.0,0.6,1.0,R,Cingulo-Opercular,4,484
279,280,300,Somatomotor-15_R-Ctx,0.0,1.0,1.0,1.0,R,Somatomotor,3,485
280,281,301,Somatomotor-16_R-Ctx,0.0,1.0,1.0,1.0,R,Somatomotor,3,486
281,282,302,Somatomotor-17_R-Ctx,0.0,1.0,1.0,1.0,R,Somatomotor,3,487
282,283,303,Auditory-02_R-Ctx,0.98,0.243,0.9840000000000001,1.0,R,Auditory,8,488
283,284,304,Somatomotor-18_R-Ctx,0.0,1.0,1.0,1.0,R,Somatomotor,3,489
284,285,305,Cingulo-Opercular-17_R-Ctx,0.6,0.0,0.6,1.0,R,Cingulo-Opercular,4,490
285,286,306,Cingulo-Opercular-18_R-Ctx,0.6,0.0,0.6,1.0,R,Cingulo-Opercular,4,491
286,287,307,Auditory-03_R-Ctx,0.98,0.243,0.9840000000000001,1.0,R,Auditory,8,492
287,288,308,Cingulo-Opercular-19_R-Ctx,0.6,0.0,0.6,1.0,R,Cingulo-Opercular,4,493
288,289,309,Cingulo-Opercular-20_R-Ctx,0.6,0.0,0.6,1.0,R,Cingulo-Opercular,4,494
289,290,310,Orbito-Affective-01_R-Ctx,0.255,0.49,0.0,0.659,R,Orbito-Affective,12,495
290,291,311,Frontoparietal-20_R-Ctx,1.0,1.0,0.0,1.0,R,Frontoparietal,7,496
291,292,312,Orbito-Affective-02_R-Ctx,0.255,0.49,0.0,0.659,R,Orbito-Affective,12,497
292,293,313,Cingulo-Opercular-21_R-Ctx,0.6,0.0,0.6,1.0,R,Cingulo-Opercular,4,498
293,294,314,Cingulo-Opercular-22_R-Ctx,0.6,0.0,0.6,1.0,R,Cingulo-Opercular,4,499
294,295,315,Somatomotor-19_R-Ctx,0.0,1.0,1.0,1.0,R,Somatomotor,3,500
295,296,316,Dorsal-Attention-05_R-Ctx,0.0,1.0,0.0,1.0,R,Dorsal-Attention,5,501
296,297,317,Dorsal-Attention-06_R-Ctx,0.0,1.0,0.0,1.0,R,Dorsal-Attention,5,502
297,298,318,Default-22_R-Ctx,1.0,0.0,0.0,1.0,R,Default,9,503
298,299,319,Default-23_R-Ctx,1.0,0.0,0.0,1.0,R,Default,9,504
299,300,320,Default-24_R-Ctx,1.0,0.0,0.0,1.0,R,Default,9,505
300,301,321,Visual1-02_R-Ctx,0.0,0.0,1.0,1.0,R,Visual1,1,506
301,302,322,Ventral-Multimodal-01_R-Ctx,1.0,0.616,0.0,1.0,R,Ventral-Multimodal,11,507
302,303,323,Language-05_R-Ctx,0.0,0.608,0.608,1.0,R,Language,6,508
303,304,324,Auditory-04_R-Ctx,0.98,0.243,0.9840000000000001,1.0,R,Auditory,8,509
304,305,325,Language-06_R-Ctx,0.0,0.608,0.608,1.0,R,Language,6,510
305,306,326,Default-25_R-Ctx,1.0,0.0,0.0,1.0,R,Default,9,511
306,307,327,Dorsal-Attention-07_R-Ctx,0.0,1.0,0.0,1.0,R,Dorsal-Attention,5,512
307,308,328,Default-26_R-Ctx,1.0,0.0,0.0,1.0,R,Default,9,513
308,309,329,Language-07_R-Ctx,0.0,0.608,0.608,1.0,R,Language,6,514
309,310,330,Default-27_R-Ctx,1.0,0.0,0.0,1.0,R,Default,9,515
310,311,331,Default-28_R-Ctx,1.0,0.0,0.0,1.0,R,Default,9,516
311,312,332,Default-29_R-Ctx,1.0,0.0,0.0,1.0,R,Default,9,517
312,313,333,Frontoparietal-21_R-Ctx,1.0,1.0,0.0,1.0,R,Frontoparietal,7,518
313,314,334,Default-30_R-Ctx,1.0,0.0,0.0,1.0,R,Default,9,519
314,315,335,Ventral-Multimodal-02_R-Ctx,1.0,0.616,0.0,1.0,R,Ventral-Multimodal,11,11
315,316,336,Dorsal-Attention-08_R-Ctx,0.0,1.0,0.0,1.0,R,Dorsal-Attention,5,46
316,317,337,Dorsal-Attention-09_R-Ctx,0.0,1.0,0.0,1.0,R,Dorsal-Attention,5,50
317,318,338,Visual2-18_R-Ctx,0.392,0.0,1.0,1.0,R,Visual2,2,95
318,319,339,Language-08_R-Ctx,0.0,0.608,0.608,1.0,R,Language,6,96
319,320,340,Posterior-Multimodal-03_R-Ctx,0.6940000000000001,0.349,0.157,1.0,R,Posterior-Multimodal,10,116
320,321,341,Posterior-Multimodal-04_R-Ctx,0.6940000000000001,0.349,0.157,1.0,R,Posterior-Multimodal,10,117
321,322,342,Visual1-03_R-Ctx,0.0,0.0,1.0,1.0,R,Visual1,1,127
322,323,343,Dorsal-Attention-10_R-Ctx,0.0,1.0,0.0,1.0,R,Dorsal-Attention,5,136
323,324,344,Frontoparietal-22_R-Ctx,1.0,1.0,0.0,1.0,R,Frontoparietal,7,137
324,325,345,Frontoparietal-23_R-Ctx,1.0,1.0,0.0,1.0,R,Frontoparietal,7,143
325,326,346,Dorsal-Attention-11_R-Ctx,0.0,1.0,0.0,1.0,R,Dorsal-Attention,5,146
326,327,347,Cingulo-Opercular-23_R-Ctx,0.6,0.0,0.6,1.0,R,Cingulo-Opercular,4,226
327,328,348,Cingulo-Opercular-24_R-Ctx,0.6,0.0,0.6,1.0,R,Cingulo-Opercular,4,230
328,329,349,Frontoparietal-24_R-Ctx,1.0,1.0,0.0,1.0,R,Frontoparietal,7,275
329,330,350,Default-31_R-Ctx,1.0,0.0,0.0,1.0,R,Default,9,276
330,331,351,Default-32_R-Ctx,1.0,0.0,0.0,1.0,R,Default,9,296
331,332,352,Visual2-19_R-Ctx,0.392,0.0,1.0,1.0,R,Visual2,2,297
332,333,353,Visual2-20_R-Ctx,0.392,0.0,1.0,1.0,R,Visual2,2,307
333,334,354,Visual2-21_R-Ctx,0.392,0.0,1.0,1.0,R,Visual2,2,316
334,335,355,Default-33_R-Ctx,1.0,0.0,0.0,1.0,R,Default,9,317
335,336,356,Visual2-22_R-Ctx,0.392,0.0,1.0,1.0,R,Visual2,2,323
336,337,357,Visual2-23_R-Ctx,0.392,0.0,1.0,1.0,R,Visual2,2,326
337,338,358,Visual2-24_R-Ctx,0.392,0.0,1.0,1.0,R,Visual2,2,520
338,339,359,Visual2-25_R-Ctx,0.392,0.0,1.0,1.0,R,Visual2,2,521
339,340,360,Visual2-26_R-Ctx,0.392,0.0,1.0,1.0,R,Visual2,2,522
340,341,361,Default-34_R-Ctx,1.0,0.0,0.0,1.0,R,Default,9,523
341,342,362,Frontoparietal-25_R-Ctx,1.0,1.0,0.0,1.0,R,Frontoparietal,7,524
342,343,363,Visual2-27_R-Ctx,0.392,0.0,1.0,1.0,R,Visual2,2,525
343,344,364,Default-35_R-Ctx,1.0,0.0,0.0,1.0,R,Default,9,526
344,345,365,Default-36_R-Ctx,1.0,0.0,0.0,1.0,R,Default,9,527
345,346,366,Orbito-Affective-03_R-Ctx,0.255,0.49,0.0,0.659,R,Orbito-Affective,12,528
346,347,367,Cingulo-Opercular-25_R-Ctx,0.6,0.0,0.6,1.0,R,Cingulo-Opercular,4,529
347,348,368,Somatomotor-20_R-Ctx,0.0,1.0,1.0,1.0,R,Somatomotor,3,530
348,349,369,Cingulo-Opercular-26_R-Ctx,0.6,0.0,0.6,1.0,R,Cingulo-Opercular,4,531
349,350,370,Frontoparietal-26_R-Ctx,1.0,1.0,0.0,1.0,R,Frontoparietal,7,532
350,351,371,Frontoparietal-27_R-Ctx,1.0,1.0,0.0,1.0,R,Frontoparietal,7,533
351,352,372,Language-09_R-Ctx,0.0,0.608,0.608,1.0,R,Language,6,534
352,353,373,Auditory-05_R-Ctx,0.98,0.243,0.9840000000000001,1.0,R,Auditory,8,535
353,354,374,Auditory-06_R-Ctx,0.98,0.243,0.9840000000000001,1.0,R,Auditory,8,536
354,355,375,Auditory-07_R-Ctx,0.98,0.243,0.9840000000000001,1.0,R,Auditory,8,537
355,356,376,Default-37_R-Ctx,1.0,0.0,0.0,1.0,R,Default,9,538
356,357,377,Frontoparietal-28_R-Ctx,1.0,1.0,0.0,1.0,R,Frontoparietal,7,539
357,358,378,Cingulo-Opercular-27_R-Ctx,0.6,0.0,0.6,1.0,R,Cingulo-Opercular,4,540
358,359,379,Cingulo-Opercular-28_R-Ctx,0.6,0.0,0.6,1.0,R,Cingulo-Opercular,4,541
359,360,380,Cingulo-Opercular-29_R-Ctx,0.6,0.0,0.6,1.0,R,Cingulo-Opercular,4,542
360,361,1010,Visual1-01_L-Accumbens,0.0,0.0,1.0,1.0,L,Visual1,1,543
361,362,1020,Visual1-02_L-Accumbens,0.0,0.0,1.0,1.0,L,Visual1,1,12
362,363,1030,Visual1-03_R-Accumbens,0.0,0.0,1.0,1.0,R,Visual1,1,25
363,364,1040,Visual1-04_R-Accumbens,0.0,0.0,1.0,1.0,R,Visual1,1,26
364,365,1050,Visual1-05_L-Brainstem,0.0,0.0,1.0,1.0,L,Visual1,1,28
365,366,1060,Visual1-06_L-Brainstem,0.0,0.0,1.0,1.0,L,Visual1,1,74
366,367,1070,Visual1-07_R-Brainstem,0.0,0.0,1.0,1.0,R,Visual1,1,75
367,368,1080,Visual1-08_L-Brainstem,0.0,0.0,1.0,1.0,L,Visual1,1,79
368,369,1090,Visual1-09_L-Brainstem,0.0,0.0,1.0,1.0,L,Visual1,1,81
369,370,1100,Visual1-10_LR-Brainstem,0.0,0.0,1.0,1.0,LR,Visual1,1,123
370,371,1110,Visual1-11_L-Brainstem,0.0,0.0,1.0,1.0,L,Visual1,1,125
371,372,1120,Visual1-12_L-Brainstem,0.0,0.0,1.0,1.0,L,Visual1,1,128
372,373,1130,Visual1-13_L-Caudate,0.0,0.0,1.0,1.0,L,Visual1,1,129
373,374,1140,Visual1-14_R-Caudate,0.0,0.0,1.0,1.0,R,Visual1,1,139
374,375,1150,Visual1-15_L-Cerebellum,0.0,0.0,1.0,1.0,L,Visual1,1,172
375,376,1160,Visual1-16_L-Cerebellum,0.0,0.0,1.0,1.0,L,Visual1,1,192
376,377,1170,Visual1-17_L-Cerebellum,0.0,0.0,1.0,1.0,L,Visual1,1,206
377,378,1180,Visual1-18_L-Cerebellum,0.0,0.0,1.0,1.0,L,Visual1,1,255
378,379,1190,Visual1-19_L-Cerebellum,0.0,0.0,1.0,1.0,L,Visual1,1,259
379,380,1200,Visual1-20_L-Cerebellum,0.0,0.0,1.0,1.0,L,Visual1,1,303
380,381,1210,Visual1-21_L-Cerebellum,0.0,0.0,1.0,1.0,L,Visual1,1,305
381,382,1220,Visual1-22_L-Cerebellum,0.0,0.0,1.0,1.0,L,Visual1,1,309
382,383,1230,Visual1-23_L-Cerebellum,0.0,0.0,1.0,1.0,L,Visual1,1,319
383,384,1240,Visual1-24_L-Cerebellum,0.0,0.0,1.0,1.0,L,Visual1,1,352
384,385,1250,Visual1-25_L-Cerebellum,0.0,0.0,1.0,1.0,L,Visual1,1,544
385,386,1260,Visual1-26_L-Cerebellum,0.0,0.0,1.0,1.0,L,Visual1,1,545
386,387,1270,Visual1-27_L-Cerebellum,0.0,0.0,1.0,1.0,L,Visual1,1,546
387,388,1280,Visual1-28_L-Cerebellum,0.0,0.0,1.0,1.0,L,Visual1,1,547
388,389,1290,Visual1-29_L-Cerebellum,0.0,0.0,1.0,1.0,L,Visual1,1,548
389,390,1300,Visual1-30_L-Cerebellum,0.0,0.0,1.0,1.0,L,Visual1,1,549
390,391,1310,Visual1-31_R-Cerebellum,0.0,0.0,1.0,1.0,R,Visual1,1,550
391,392,1320,Visual1-32_R-Cerebellum,0.0,0.0,1.0,1.0,R,Visual1,1,551
392,393,1330,Visual1-33_R-Cerebellum,0.0,0.0,1.0,1.0,R,Visual1,1,552
393,394,1340,Visual1-34_R-Cerebellum,0.0,0.0,1.0,1.0,R,Visual1,1,553
394,395,1350,Visual1-35_R-Cerebellum,0.0,0.0,1.0,1.0,R,Visual1,1,554
395,396,1360,Visual1-36_R-Cerebellum,0.0,0.0,1.0,1.0,R,Visual1,1,555
396,397,1370,Visual1-37_R-Cerebellum,0.0,0.0,1.0,1.0,R,Visual1,1,556
397,398,1380,Visual1-38_R-Cerebellum,0.0,0.0,1.0,1.0,R,Visual1,1,557
398,399,1390,Visual1-39_R-Cerebellum,0.0,0.0,1.0,1.0,R,Visual1,1,14
399,400,1400,Visual1-40_R-Cerebellum,0.0,0.0,1.0,1.0,R,Visual1,1,15
400,401,1410,Visual1-41_R-Cerebellum,0.0,0.0,1.0,1.0,R,Visual1,1,29
401,402,1420,Visual1-42_L-Diencephalon,0.0,0.0,1.0,1.0,L,Visual1,1,63
402,403,1430,Visual1-43_R-Diencephalon,0.0,0.0,1.0,1.0,R,Visual1,1,73
403,404,1440,Visual1-44_L-Hippocampus,0.0,0.0,1.0,1.0,L,Visual1,1,77
404,405,1450,Visual1-45_R-Hippocampus,0.0,0.0,1.0,1.0,R,Visual1,1,80
405,406,1460,Visual1-46_L-Pallidum,0.0,0.0,1.0,1.0,L,Visual1,1,82
406,407,1470,Visual1-47_L-Pallidum,0.0,0.0,1.0,1.0,L,Visual1,1,83
407,408,1480,Visual1-48_R-Pallidum,0.0,0.0,1.0,1.0,R,Visual1,1,85
408,409,1490,Visual1-49_R-Pallidum,0.0,0.0,1.0,1.0,R,Visual1,1,89
409,410,1500,Visual1-50_L-Putamen,0.0,0.0,1.0,1.0,L,Visual1,1,91
410,411,1510,Visual1-51_L-Putamen,0.0,0.0,1.0,1.0,L,Visual1,1,92
411,412,1520,Visual1-52_L-Putamen,0.0,0.0,1.0,1.0,L,Visual1,1,97
412,413,1530,Visual1-53_R-Putamen,0.0,0.0,1.0,1.0,R,Visual1,1,98
413,414,1540,Visual1-54_R-Putamen,0.0,0.0,1.0,1.0,R,Visual1,1,111
414,415,1550,Visual1-55_L-Thalamus,0.0,0.0,1.0,1.0,L,Visual1,1,133
415,416,1560,Visual1-56_L-Thalamus,0.0,0.0,1.0,1.0,L,Visual1,1,144
416,417,1570,Visual1-57_L-Thalamus,0.0,0.0,1.0,1.0,L,Visual1,1,145
417,418,1580,Visual1-58_L-Thalamus,0.0,0.0,1.0,1.0,L,Visual1,1,149
418,419,1590,Visual1-59_L-Thalamus,0.0,0.0,1.0,1.0,L,Visual1,1,170
419,420,1600,Visual1-60_L-Thalamus,0.0,0.0,1.0,1.0,L,Visual1,1,171
420,421,1610,Visual1-61_R-Thalamus,0.0,0.0,1.0,1.0,R,Visual1,1,194
421,422,1620,Visual1-62_R-Thalamus,0.0,0.0,1.0,1.0,R,Visual1,1,195
422,423,1630,Visual1-63_R-Thalamus,0.0,0.0,1.0,1.0,R,Visual1,1,209
423,424,2010,Visual2-01_L-Amygdala,0.392,0.0,1.0,1.0,L,Visual2,2,238
424,425,2020,Visual2-02_R-Amygdala,0.392,0.0,1.0,1.0,R,Visual2,2,242
425,426,2030,Visual2-03_LR-Brainstem,0.392,0.0,1.0,1.0,LR,Visual2,2,243
426,427,2040,Visual2-04_L-Brainstem,0.392,0.0,1.0,1.0,L,Visual2,2,253
427,428,2050,Visual2-05_L-Brainstem,0.392,0.0,1.0,1.0,L,Visual2,2,254
428,429,2060,Visual2-06_R-Brainstem,0.392,0.0,1.0,1.0,R,Visual2,2,257
429,430,2070,Visual2-07_L-Brainstem,0.392,0.0,1.0,1.0,L,Visual2,2,260
430,431,2080,Visual2-08_L-Cerebellum,0.392,0.0,1.0,1.0,L,Visual2,2,261
431,432,2090,Visual2-09_L-Cerebellum,0.392,0.0,1.0,1.0,L,Visual2,2,263
432,433,2100,Visual2-10_L-Cerebellum,0.392,0.0,1.0,1.0,L,Visual2,2,265
433,434,2110,Visual2-11_L-Cerebellum,0.392,0.0,1.0,1.0,L,Visual2,2,269
434,435,2120,Visual2-12_R-Cerebellum,0.392,0.0,1.0,1.0,R,Visual2,2,271
435,436,2130,Visual2-13_R-Cerebellum,0.392,0.0,1.0,1.0,R,Visual2,2,272
436,437,2140,Visual2-14_R-Cerebellum,0.392,0.0,1.0,1.0,R,Visual2,2,273
437,438,2150,Visual2-15_R-Cerebellum,0.392,0.0,1.0,1.0,R,Visual2,2,277
438,439,2160,Visual2-16_L-Diencephalon,0.392,0.0,1.0,1.0,L,Visual2,2,278
439,440,2170,Visual2-17_R-Diencephalon,0.392,0.0,1.0,1.0,R,Visual2,2,291
440,441,2180,Visual2-18_R-Diencephalon,0.392,0.0,1.0,1.0,R,Visual2,2,313
441,442,2190,Visual2-19_R-Diencephalon,0.392,0.0,1.0,1.0,R,Visual2,2,324
442,443,2200,Visual2-20_L-Hippocampus,0.392,0.0,1.0,1.0,L,Visual2,2,325
443,444,2210,Visual2-21_L-Hippocampus,0.392,0.0,1.0,1.0,L,Visual2,2,329
444,445,2220,Visual2-22_L-Hippocampus,0.392,0.0,1.0,1.0,L,Visual2,2,342
445,446,2230,Visual2-23_L-Hippocampus,0.392,0.0,1.0,1.0,L,Visual2,2,350
446,447,2240,Visual2-24_L-Hippocampus,0.392,0.0,1.0,1.0,L,Visual2,2,351
447,448,2250,Visual2-25_R-Hippocampus,0.392,0.0,1.0,1.0,R,Visual2,2,357
448,449,2260,Visual2-26_R-Hippocampus,0.392,0.0,1.0,1.0,R,Visual2,2,558
449,450,2270,Visual2-27_R-Hippocampus,0.392,0.0,1.0,1.0,R,Visual2,2,559
450,451,2280,Visual2-28_L-Thalamus,0.392,0.0,1.0,1.0,L,Visual2,2,560
451,452,2290,Visual2-29_R-Thalamus,0.392,0.0,1.0,1.0,R,Visual2,2,561
452,453,3010,Somatomotor-01_R-Accumbens,0.0,1.0,1.0,1.0,R,Somatomotor,3,562
453,454,3020,Somatomotor-02_L-Amygdala,0.0,1.0,1.0,1.0,L,Somatomotor,3,563
454,455,3030,Somatomotor-03_R-Amygdala,0.0,1.0,1.0,1.0,R,Somatomotor,3,564
455,456,3040,Somatomotor-04_LR-Brainstem,0.0,1.0,1.0,1.0,LR,Somatomotor,3,565
456,457,3050,Somatomotor-05_LR-Brainstem,0.0,1.0,1.0,1.0,LR,Somatomotor,3,566
457,458,3060,Somatomotor-06_L-Cerebellum,0.0,1.0,1.0,1.0,L,Somatomotor,3,567
458,459,3070,Somatomotor-07_L-Cerebellum,0.0,1.0,1.0,1.0,L,Somatomotor,3,568
459,460,3080,Somatomotor-08_L-Cerebellum,0.0,1.0,1.0,1.0,L,Somatomotor,3,569
460,461,3090,Somatomotor-09_L-Cerebellum,0.0,1.0,1.0,1.0,L,Somatomotor,3,570
461,462,3100,Somatomotor-10_L-Cerebellum,0.0,1.0,1.0,1.0,L,Somatomotor,3,571
462,463,3110,Somatomotor-11_R-Cerebellum,0.0,1.0,1.0,1.0,R,Somatomotor,3,572
463,464,3120,Somatomotor-12_R-Cerebellum,0.0,1.0,1.0,1.0,R,Somatomotor,3,573
464,465,3130,Somatomotor-13_R-Cerebellum,0.0,1.0,1.0,1.0,R,Somatomotor,3,574
465,466,3140,Somatomotor-14_R-Cerebellum,0.0,1.0,1.0,1.0,R,Somatomotor,3,575
466,467,3150,Somatomotor-15_L-Diencephalon,0.0,1.0,1.0,1.0,L,Somatomotor,3,576
467,468,3160,Somatomotor-16_L-Hippocampus,0.0,1.0,1.0,1.0,L,Somatomotor,3,577
468,469,3170,Somatomotor-17_L-Hippocampus,0.0,1.0,1.0,1.0,L,Somatomotor,3,578
469,470,3180,Somatomotor-18_L-Hippocampus,0.0,1.0,1.0,1.0,L,Somatomotor,3,579
470,471,3190,Somatomotor-19_R-Hippocampus,0.0,1.0,1.0,1.0,R,Somatomotor,3,580
471,472,3200,Somatomotor-20_R-Hippocampus,0.0,1.0,1.0,1.0,R,Somatomotor,3,581
472,473,3210,Somatomotor-21_R-Hippocampus,0.0,1.0,1.0,1.0,R,Somatomotor,3,582
473,474,3220,Somatomotor-22_L-Pallidum,0.0,1.0,1.0,1.0,L,Somatomotor,3,583
474,475,3230,Somatomotor-23_R-Pallidum,0.0,1.0,1.0,1.0,R,Somatomotor,3,584
475,476,3240,Somatomotor-24_R-Pallidum,0.0,1.0,1.0,1.0,R,Somatomotor,3,585
476,477,3250,Somatomotor-25_L-Putamen,0.0,1.0,1.0,1.0,L,Somatomotor,3,586
477,478,3260,Somatomotor-26_R-Putamen,0.0,1.0,1.0,1.0,R,Somatomotor,3,587
478,479,3270,Somatomotor-27_L-Thalamus,0.0,1.0,1.0,1.0,L,Somatomotor,3,588
479,480,3280,Somatomotor-28_R-Thalamus,0.0,1.0,1.0,1.0,R,Somatomotor,3,589
480,481,4010,Cingulo-Opercular-01_L-Accumbens,0.6,0.0,0.6,1.0,,Cingulo-Opercular,4,590
481,482,4020,Cingulo-Opercular-02_R-Accumbens,0.6,0.0,0.6,1.0,,Cingulo-Opercular,4,591
482,483,4030,Cingulo-Opercular-03_R-Accumbens,0.6,0.0,0.6,1.0,,Cingulo-Opercular,4,592
483,484,4040,Cingulo-Opercular-04_LR-Brainstem,0.6,0.0,0.6,1.0,,Cingulo-Opercular,4,593
484,485,4050,Cingulo-Opercular-05_R-Brainstem,0.6,0.0,0.6,1.0,,Cingulo-Opercular,4,594
485,486,4060,Cingulo-Opercular-06_L-Brainstem,0.6,0.0,0.6,1.0,,Cingulo-Opercular,4,595
486,487,4070,Cingulo-Opercular-07_R-Brainstem,0.6,0.0,0.6,1.0,,Cingulo-Opercular,4,596
487,488,4080,Cingulo-Opercular-08_L-Caudate,0.6,0.0,0.6,1.0,,Cingulo-Opercular,4,597
488,489,4090,Cingulo-Opercular-09_L-Caudate,0.6,0.0,0.6,1.0,,Cingulo-Opercular,4,598
489,490,4100,Cingulo-Opercular-10_R-Caudate,0.6,0.0,0.6,1.0,,Cingulo-Opercular,4,599
490,491,4110,Cingulo-Opercular-11_R-Caudate,0.6,0.0,0.6,1.0,,Cingulo-Opercular,4,600
491,492,4120,Cingulo-Opercular-12_L-Cerebellum,0.6,0.0,0.6,1.0,,Cingulo-Opercular,4,601
492,493,4130,Cingulo-Opercular-13_L-Cerebellum,0.6,0.0,0.6,1.0,,Cingulo-Opercular,4,602
493,494,4140,Cingulo-Opercular-14_L-Cerebellum,0.6,0.0,0.6,1.0,,Cingulo-Opercular,4,603
494,495,4150,Cingulo-Opercular-15_L-Cerebellum,0.6,0.0,0.6,1.0,,Cingulo-Opercular,4,604
495,496,4160,Cingulo-Opercular-16_R-Cerebellum,0.6,0.0,0.6,1.0,,Cingulo-Opercular,4,605
496,497,4170,Cingulo-Opercular-17_R-Cerebellum,0.6,0.0,0.6,1.0,,Cingulo-Opercular,4,24
497,498,4180,Cingulo-Opercular-18_R-Cerebellum,0.6,0.0,0.6,1.0,,Cingulo-Opercular,4,103
498,499,4190,Cingulo-Opercular-19_R-Cerebellum,0.6,0.0,0.6,1.0,,Cingulo-Opercular,4,104
499,500,4200,Cingulo-Opercular-20_R-Cerebellum,0.6,0.0,0.6,1.0,,Cingulo-Opercular,4,107
500,501,4210,Cingulo-Opercular-21_R-Cerebellum,0.6,0.0,0.6,1.0,,Cingulo-Opercular,4,124
501,502,4220,Cingulo-Opercular-22_R-Cerebellum,0.6,0.0,0.6,1.0,,Cingulo-Opercular,4,173
502,503,4230,Cingulo-Opercular-23_L-Diencephalon,0.6,0.0,0.6,1.0,,Cingulo-Opercular,4,174
503,504,4240,Cingulo-Opercular-24_L-Diencephalon,0.6,0.0,0.6,1.0,,Cingulo-Opercular,4,175
504,505,4250,Cingulo-Opercular-25_L-Diencephalon,0.6,0.0,0.6,1.0,,Cingulo-Opercular,4,204
505,506,4260,Cingulo-Opercular-26_L-Diencephalon,0.6,0.0,0.6,1.0,,Cingulo-Opercular,4,283
506,507,4270,Cingulo-Opercular-27_R-Diencephalon,0.6,0.0,0.6,1.0,,Cingulo-Opercular,4,287
507,508,4280,Cingulo-Opercular-28_R-Diencephalon,0.6,0.0,0.6,1.0,,Cingulo-Opercular,4,304
508,509,4290,Cingulo-Opercular-29_R-Diencephalon,0.6,0.0,0.6,1.0,,Cingulo-Opercular,4,353
509,510,4300,Cingulo-Opercular-30_R-Diencephalon,0.6,0.0,0.6,1.0,,Cingulo-Opercular,4,354
510,511,4310,Cingulo-Opercular-31_R-Diencephalon,0.6,0.0,0.6,1.0,,Cingulo-Opercular,4,355
511,512,4320,Cingulo-Opercular-32_L-Pallidum,0.6,0.0,0.6,1.0,,Cingulo-Opercular,4,606
512,513,4330,Cingulo-Opercular-33_R-Pallidum,0.6,0.0,0.6,1.0,,Cingulo-Opercular,4,607
513,514,4340,Cingulo-Opercular-34_L-Putamen,0.6,0.0,0.6,1.0,,Cingulo-Opercular,4,608
514,515,4350,Cingulo-Opercular-35_R-Putamen,0.6,0.0,0.6,1.0,,Cingulo-Opercular,4,609
515,516,4360,Cingulo-Opercular-36_L-Thalamus,0.6,0.0,0.6,1.0,,Cingulo-Opercular,4,610
516,517,4370,Cingulo-Opercular-37_L-Thalamus,0.6,0.0,0.6,1.0,,Cingulo-Opercular,4,611
517,518,4380,Cingulo-Opercular-38_R-Thalamus,0.6,0.0,0.6,1.0,,Cingulo-Opercular,4,612
518,519,4390,Cingulo-Opercular-39_R-Thalamus,0.6,0.0,0.6,1.0,,Cingulo-Opercular,4,613
519,520,5010,Dorsal-Attention-01_L-Amygdala,0.0,1.0,0.0,1.0,,Dorsal-Attention,5,614
520,521,5020,Dorsal-Attention-02_R-Brainstem,0.0,1.0,0.0,1.0,,Dorsal-Attention,5,615
521,522,5030,Dorsal-Attention-03_L-Brainstem,0.0,1.0,0.0,1.0,,Dorsal-Attention,5,616
522,523,5040,Dorsal-Attention-04_L-Brainstem,0.0,1.0,0.0,1.0,,Dorsal-Attention,5,617
523,524,5050,Dorsal-Attention-05_R-Brainstem,0.0,1.0,0.0,1.0,,Dorsal-Attention,5,618
524,525,5060,Dorsal-Attention-06_L-Brainstem,0.0,1.0,0.0,1.0,,Dorsal-Attention,5,619
525,526,5070,Dorsal-Attention-07_R-Brainstem,0.0,1.0,0.0,1.0,,Dorsal-Attention,5,620
526,527,5080,Dorsal-Attention-08_L-Cerebellum,0.0,1.0,0.0,1.0,,Dorsal-Attention,5,621
527,528,5090,Dorsal-Attention-09_L-Cerebellum,0.0,1.0,0.0,1.0,,Dorsal-Attention,5,622
528,529,5100,Dorsal-Attention-10_L-Cerebellum,0.0,1.0,0.0,1.0,,Dorsal-Attention,5,623
529,530,5110,Dorsal-Attention-11_L-Cerebellum,0.0,1.0,0.0,1.0,,Dorsal-Attention,5,624
530,531,5120,Dorsal-Attention-12_L-Cerebellum,0.0,1.0,0.0,1.0,,Dorsal-Attention,5,625
531,532,5130,Dorsal-Attention-13_L-Cerebellum,0.0,1.0,0.0,1.0,,Dorsal-Attention,5,626
532,533,5140,Dorsal-Attention-14_L-Cerebellum,0.0,1.0,0.0,1.0,,Dorsal-Attention,5,627
533,534,5150,Dorsal-Attention-15_R-Cerebellum,0.0,1.0,0.0,1.0,,Dorsal-Attention,5,628
534,535,5160,Dorsal-Attention-16_R-Cerebellum,0.0,1.0,0.0,1.0,,Dorsal-Attention,5,629
535,536,5170,Dorsal-Attention-17_R-Cerebellum,0.0,1.0,0.0,1.0,,Dorsal-Attention,5,630
536,537,5180,Dorsal-Attention-18_R-Cerebellum,0.0,1.0,0.0,1.0,,Dorsal-Attention,5,631
537,538,5190,Dorsal-Attention-19_R-Cerebellum,0.0,1.0,0.0,1.0,,Dorsal-Attention,5,632
538,539,5200,Dorsal-Attention-20_R-Cerebellum,0.0,1.0,0.0,1.0,,Dorsal-Attention,5,633
539,540,5210,Dorsal-Attention-21_L-Putamen,0.0,1.0,0.0,1.0,,Dorsal-Attention,5,634
540,541,5220,Dorsal-Attention-22_R-Putamen,0.0,1.0,0.0,1.0,,Dorsal-Attention,5,635
541,542,5230,Dorsal-Attention-23_L-Thalamus,0.0,1.0,0.0,1.0,,Dorsal-Attention,5,636
542,543,5240,Dorsal-Attention-24_R-Thalamus,0.0,1.0,0.0,1.0,,Dorsal-Attention,5,30
543,544,6010,Language-01_L-Amygdala,0.0,0.608,0.608,1.0,,Language,6,31
544,545,6020,Language-02_R-Amygdala,0.0,0.608,0.608,1.0,,Language,6,32
545,546,6030,Language-03_L-Caudate,0.0,0.608,0.608,1.0,,Language,6,33
546,547,6040,Language-04_R-Caudate,0.0,0.608,0.608,1.0,,Language,6,34
547,548,6050,Language-05_L-Cerebellum,0.0,0.608,0.608,1.0,,Language,6,35
548,549,6060,Language-06_R-Cerebellum,0.0,0.608,0.608,1.0,,Language,6,61
549,550,6070,Language-07_R-Cerebellum,0.0,0.608,0.608,1.0,,Language,6,62
550,551,6080,Language-08_R-Cerebellum,0.0,0.608,0.608,1.0,,Language,6,64
551,552,6090,Language-09_R-Cerebellum,0.0,0.608,0.608,1.0,,Language,6,65
552,553,6100,Language-10_R-Cerebellum,0.0,0.608,0.608,1.0,,Language,6,66
553,554,6110,Language-11_R-Cerebellum,0.0,0.608,0.608,1.0,,Language,6,67
554,555,6120,Language-12_R-Cerebellum,0.0,0.608,0.608,1.0,,Language,6,68
555,556,6130,Language-13_R-Cerebellum,0.0,0.608,0.608,1.0,,Language,6,69
556,557,6140,Language-14_L-Putamen,0.0,0.608,0.608,1.0,,Language,6,70
557,558,7010,Frontoparietal-01_L-Brainstem,1.0,1.0,0.0,1.0,,Frontoparietal,7,71
558,559,7020,Frontoparietal-02_L-Brainstem,1.0,1.0,0.0,1.0,,Frontoparietal,7,72
559,560,7030,Frontoparietal-03_LR-Brainstem,1.0,1.0,0.0,1.0,,Frontoparietal,7,76
560,561,7040,Frontoparietal-04_R-Brainstem,1.0,1.0,0.0,1.0,,Frontoparietal,7,87
561,562,7050,Frontoparietal-05_R-Brainstem,1.0,1.0,0.0,1.0,,Frontoparietal,7,88
562,563,7060,Frontoparietal-06_L-Brainstem,1.0,1.0,0.0,1.0,,Frontoparietal,7,90
563,564,7070,Frontoparietal-07_LR-Brainstem,1.0,1.0,0.0,1.0,,Frontoparietal,7,93
564,565,7080,Frontoparietal-08_R-Brainstem,1.0,1.0,0.0,1.0,,Frontoparietal,7,94
565,566,7090,Frontoparietal-09_L-Brainstem,1.0,1.0,0.0,1.0,,Frontoparietal,7,118
566,567,7100,Frontoparietal-10_L-Caudate,1.0,1.0,0.0,1.0,,Frontoparietal,7,119
567,568,7110,Frontoparietal-11_R-Caudate,1.0,1.0,0.0,1.0,,Frontoparietal,7,120
568,569,7120,Frontoparietal-12_L-Cerebellum,1.0,1.0,0.0,1.0,,Frontoparietal,7,126
569,570,7130,Frontoparietal-13_L-Cerebellum,1.0,1.0,0.0,1.0,,Frontoparietal,7,130
570,571,7140,Frontoparietal-14_L-Cerebellum,1.0,1.0,0.0,1.0,,Frontoparietal,7,131
571,572,7150,Frontoparietal-15_L-Cerebellum,1.0,1.0,0.0,1.0,,Frontoparietal,7,132
572,573,7160,Frontoparietal-16_L-Cerebellum,1.0,1.0,0.0,1.0,,Frontoparietal,7,134
573,574,7170,Frontoparietal-17_L-Cerebellum,1.0,1.0,0.0,1.0,,Frontoparietal,7,150
574,575,7180,Frontoparietal-18_L-Cerebellum,1.0,1.0,0.0,1.0,,Frontoparietal,7,151
575,576,7190,Frontoparietal-19_L-Cerebellum,1.0,1.0,0.0,1.0,,Frontoparietal,7,155
576,577,7200,Frontoparietal-20_L-Cerebellum,1.0,1.0,0.0,1.0,,Frontoparietal,7,161
577,578,7210,Frontoparietal-21_L-Cerebellum,1.0,1.0,0.0,1.0,,Frontoparietal,7,162
578,579,7220,Frontoparietal-22_L-Cerebellum,1.0,1.0,0.0,1.0,,Frontoparietal,7,164
579,580,7230,Frontoparietal-23_L-Cerebellum,1.0,1.0,0.0,1.0,,Frontoparietal,7,165
580,581,7240,Frontoparietal-24_L-Cerebellum,1.0,1.0,0.0,1.0,,Frontoparietal,7,176
581,582,7250,Frontoparietal-25_L-Cerebellum,1.0,1.0,0.0,1.0,,Frontoparietal,7,177
582,583,7260,Frontoparietal-26_R-Cerebellum,1.0,1.0,0.0,1.0,,Frontoparietal,7,210
583,584,7270,Frontoparietal-27_R-Cerebellum,1.0,1.0,0.0,1.0,,Frontoparietal,7,211
584,585,7280,Frontoparietal-28_R-Cerebellum,1.0,1.0,0.0,1.0,,Frontoparietal,7,212
585,586,7290,Frontoparietal-29_R-Cerebellum,1.0,1.0,0.0,1.0,,Frontoparietal,7,213
586,587,7300,Frontoparietal-30_R-Cerebellum,1.0,1.0,0.0,1.0,,Frontoparietal,7,214
587,588,7310,Frontoparietal-31_R-Cerebellum,1.0,1.0,0.0,1.0,,Frontoparietal,7,215
588,589,7320,Frontoparietal-32_R-Cerebellum,1.0,1.0,0.0,1.0,,Frontoparietal,7,241
589,590,7330,Frontoparietal-33_R-Cerebellum,1.0,1.0,0.0,1.0,,Frontoparietal,7,244
590,591,7340,Frontoparietal-34_R-Cerebellum,1.0,1.0,0.0,1.0,,Frontoparietal,7,245
591,592,7350,Frontoparietal-35_R-Cerebellum,1.0,1.0,0.0,1.0,,Frontoparietal,7,246
592,593,7360,Frontoparietal-36_R-Cerebellum,1.0,1.0,0.0,1.0,,Frontoparietal,7,247
593,594,7370,Frontoparietal-37_R-Cerebellum,1.0,1.0,0.0,1.0,,Frontoparietal,7,248
594,595,7380,Frontoparietal-38_R-Cerebellum,1.0,1.0,0.0,1.0,,Frontoparietal,7,249
595,596,7390,Frontoparietal-39_L-Diencephalon,1.0,1.0,0.0,1.0,,Frontoparietal,7,250
596,597,7400,Frontoparietal-40_R-Diencephalon,1.0,1.0,0.0,1.0,,Frontoparietal,7,251
597,598,7410,Frontoparietal-41_L-Hippocampus,1.0,1.0,0.0,1.0,,Frontoparietal,7,252
598,599,7420,Frontoparietal-42_L-Pallidum,1.0,1.0,0.0,1.0,,Frontoparietal,7,256
599,600,7430,Frontoparietal-43_R-Pallidum,1.0,1.0,0.0,1.0,,Frontoparietal,7,267
600,601,7440,Frontoparietal-44_R-Pallidum,1.0,1.0,0.0,1.0,,Frontoparietal,7,268
601,602,7450,Frontoparietal-45_L-Putamen,1.0,1.0,0.0,1.0,,Frontoparietal,7,270
602,603,7460,Frontoparietal-46_R-Putamen,1.0,1.0,0.0,1.0,,Frontoparietal,7,274
603,604,7470,Frontoparietal-47_L-Thalamus,1.0,1.0,0.0,1.0,,Frontoparietal,7,298
604,605,7480,Frontoparietal-48_R-Thalamus,1.0,1.0,0.0,1.0,,Frontoparietal,7,299
605,606,8010,Auditory-01_L-Accumbens,0.98,0.243,0.9840000000000001,1.0,,Auditory,8,300
606,607,8020,Auditory-02_R-Brainstem,0.98,0.243,0.9840000000000001,1.0,,Auditory,8,306
607,608,8030,Auditory-03_L-Brainstem,0.98,0.243,0.9840000000000001,1.0,,Auditory,8,308
608,609,8040,Auditory-04_L-Brainstem,0.98,0.243,0.9840000000000001,1.0,,Auditory,8,310
609,610,8050,Auditory-05_LR-Brainstem,0.98,0.243,0.9840000000000001,1.0,,Auditory,8,311
610,611,8060,Auditory-06_L-Cerebellum,0.98,0.243,0.9840000000000001,1.0,,Auditory,8,312
611,612,8070,Auditory-07_R-Cerebellum,0.98,0.243,0.9840000000000001,1.0,,Auditory,8,314
612,613,8080,Auditory-08_L-Diencephalon,0.98,0.243,0.9840000000000001,1.0,,Auditory,8,330
613,614,8090,Auditory-09_L-Diencephalon,0.98,0.243,0.9840000000000001,1.0,,Auditory,8,331
614,615,8100,Auditory-10_L-Diencephalon,0.98,0.243,0.9840000000000001,1.0,,Auditory,8,335
615,616,8110,Auditory-11_R-Diencephalon,0.98,0.243,0.9840000000000001,1.0,,Auditory,8,341
616,617,8120,Auditory-12_R-Diencephalon,0.98,0.243,0.9840000000000001,1.0,,Auditory,8,344
617,618,8130,Auditory-13_R-Diencephalon,0.98,0.243,0.9840000000000001,1.0,,Auditory,8,345
618,619,8140,Auditory-14_L-Hippocampus,0.98,0.243,0.9840000000000001,1.0,,Auditory,8,356
619,620,8150,Auditory-15_L-Hippocampus,0.98,0.243,0.9840000000000001,1.0,,Auditory,8,637
620,621,8160,Auditory-16_L-Hippocampus,0.98,0.243,0.9840000000000001,1.0,,Auditory,8,638
621,622,8170,Auditory-17_L-Hippocampus,0.98,0.243,0.9840000000000001,1.0,,Auditory,8,639
622,623,8180,Auditory-18_R-Hippocampus,0.98,0.243,0.9840000000000001,1.0,,Auditory,8,640
623,624,8190,Auditory-19_R-Hippocampus,0.98,0.243,0.9840000000000001,1.0,,Auditory,8,641
624,625,8200,Auditory-20_L-Pallidum,0.98,0.243,0.9840000000000001,1.0,,Auditory,8,642
625,626,8210,Auditory-21_L-Pallidum,0.98,0.243,0.9840000000000001,1.0,,Auditory,8,643
626,627,8220,Auditory-22_R-Pallidum,0.98,0.243,0.9840000000000001,1.0,,Auditory,8,644
627,628,8230,Auditory-23_L-Thalamus,0.98,0.243,0.9840000000000001,1.0,,Auditory,8,645
628,629,8240,Auditory-24_L-Thalamus,0.98,0.243,0.9840000000000001,1.0,,Auditory,8,646
629,630,8250,Auditory-25_L-Thalamus,0.98,0.243,0.9840000000000001,1.0,,Auditory,8,647
630,631,8260,Auditory-26_L-Thalamus,0.98,0.243,0.9840000000000001,1.0,,Auditory,8,648
631,632,8270,Auditory-27_L-Thalamus,0.98,0.243,0.9840000000000001,1.0,,Auditory,8,649
632,633,8280,Auditory-28_R-Thalamus,0.98,0.243,0.9840000000000001,1.0,,Auditory,8,650
633,634,8290,Auditory-29_R-Thalamus,0.98,0.243,0.9840000000000001,1.0,,Auditory,8,651
634,635,8300,Auditory-30_R-Thalamus,0.98,0.243,0.9840000000000001,1.0,,Auditory,8,652
635,636,8310,Auditory-31_R-Thalamus,0.98,0.243,0.9840000000000001,1.0,,Auditory,8,653
636,637,9010,Default-01_L-Accumbens,1.0,0.0,0.0,1.0,,Default,9,654
637,638,9020,Default-02_R-Accumbens,1.0,0.0,0.0,1.0,,Default,9,655
638,639,9030,Default-03_LR-Brainstem,1.0,0.0,0.0,1.0,,Default,9,656
639,640,9040,Default-04_LR-Brainstem,1.0,0.0,0.0,1.0,,Default,9,657
640,641,9050,Default-05_L-Caudate,1.0,0.0,0.0,1.0,,Default,9,658
641,642,9060,Default-06_L-Caudate,1.0,0.0,0.0,1.0,,Default,9,659
642,643,9070,Default-07_L-Caudate,1.0,0.0,0.0,1.0,,Default,9,660
643,644,9080,Default-08_R-Caudate,1.0,0.0,0.0,1.0,,Default,9,661
644,645,9090,Default-09_R-Caudate,1.0,0.0,0.0,1.0,,Default,9,662
645,646,9100,Default-10_L-Cerebellum,1.0,0.0,0.0,1.0,,Default,9,663
646,647,9110,Default-11_L-Cerebellum,1.0,0.0,0.0,1.0,,Default,9,664
647,648,9120,Default-12_L-Cerebellum,1.0,0.0,0.0,1.0,,Default,9,665
648,649,9130,Default-13_L-Cerebellum,1.0,0.0,0.0,1.0,,Default,9,666
649,650,9140,Default-14_R-Cerebellum,1.0,0.0,0.0,1.0,,Default,9,667
650,651,9150,Default-15_R-Cerebellum,1.0,0.0,0.0,1.0,,Default,9,668
651,652,9160,Default-16_R-Cerebellum,1.0,0.0,0.0,1.0,,Default,9,27
652,653,9170,Default-17_R-Cerebellum,1.0,0.0,0.0,1.0,,Default,9,140
653,654,9180,Default-18_L-Diencephalon,1.0,0.0,0.0,1.0,,Default,9,141
654,655,9190,Default-19_L-Diencephalon,1.0,0.0,0.0,1.0,,Default,9,207
655,656,9200,Default-20_R-Diencephalon,1.0,0.0,0.0,1.0,,Default,9,208
656,657,9210,Default-21_R-Diencephalon,1.0,0.0,0.0,1.0,,Default,9,320
657,658,9220,Default-22_R-Diencephalon,1.0,0.0,0.0,1.0,,Default,9,321
658,659,9230,Default-23_L-Hippocampus,1.0,0.0,0.0,1.0,,Default,9,669
659,660,9240,Default-24_L-Hippocampus,1.0,0.0,0.0,1.0,,Default,9,670
660,661,9250,Default-25_R-Hippocampus,1.0,0.0,0.0,1.0,,Default,9,671
661,662,9260,Default-26_R-Hippocampus,1.0,0.0,0.0,1.0,,Default,9,672
662,663,9270,Default-27_L-Thalamus,1.0,0.0,0.0,1.0,,Default,9,673
663,664,9280,Default-28_L-Thalamus,1.0,0.0,0.0,1.0,,Default,9,674
664,665,9290,Default-29_L-Thalamus,1.0,0.0,0.0,1.0,,Default,9,675
665,666,9300,Default-30_R-Thalamus,1.0,0.0,0.0,1.0,,Default,9,676
666,667,9310,Default-31_R-Thalamus,1.0,0.0,0.0,1.0,,Default,9,677
667,668,9320,Default-32_R-Thalamus,1.0,0.0,0.0,1.0,,Default,9,678
668,669,10010,Posterior-Multimodal-01_L-Amygdala,0.6940000000000001,0.349,0.157,1.0,,Posterior-Multimodal,10,679
669,670,10020,Posterior-Multimodal-02_R-Amygdala,0.6940000000000001,0.349,0.157,1.0,,Posterior-Multimodal,10,680
670,671,10030,Posterior-Multimodal-03_R-Brainstem,0.6940000000000001,0.349,0.157,1.0,,Posterior-Multimodal,10,681
671,672,10040,Posterior-Multimodal-04_R-Brainstem,0.6940000000000001,0.349,0.157,1.0,,Posterior-Multimodal,10,682
672,673,10050,Posterior-Multimodal-05_L-Brainstem,0.6940000000000001,0.349,0.157,1.0,,Posterior-Multimodal,10,683
673,674,10060,Posterior-Multimodal-06_L-Brainstem,0.6940000000000001,0.349,0.157,1.0,,Posterior-Multimodal,10,684
674,675,10070,Posterior-Multimodal-07_R-Brainstem,0.6940000000000001,0.349,0.157,1.0,,Posterior-Multimodal,10,685
675,676,10080,Posterior-Multimodal-08_L-Brainstem,0.6940000000000001,0.349,0.157,1.0,,Posterior-Multimodal,10,686
676,677,10090,Posterior-Multimodal-09_LR-Brainstem,0.6940000000000001,0.349,0.157,1.0,,Posterior-Multimodal,10,687
677,678,10100,Posterior-Multimodal-10_L-Cerebellum,0.6940000000000001,0.349,0.157,1.0,,Posterior-Multimodal,10,688
678,679,10110,Posterior-Multimodal-11_L-Cerebellum,0.6940000000000001,0.349,0.157,1.0,,Posterior-Multimodal,10,689
679,680,10120,Posterior-Multimodal-12_L-Cerebellum,0.6940000000000001,0.349,0.157,1.0,,Posterior-Multimodal,10,690
680,681,10130,Posterior-Multimodal-13_L-Cerebellum,0.6940000000000001,0.349,0.157,1.0,,Posterior-Multimodal,10,691
681,682,10140,Posterior-Multimodal-14_L-Cerebellum,0.6940000000000001,0.349,0.157,1.0,,Posterior-Multimodal,10,692
682,683,10150,Posterior-Multimodal-15_R-Cerebellum,0.6940000000000001,0.349,0.157,1.0,,Posterior-Multimodal,10,693
683,684,10160,Posterior-Multimodal-16_R-Cerebellum,0.6940000000000001,0.349,0.157,1.0,,Posterior-Multimodal,10,694
684,685,10170,Posterior-Multimodal-17_R-Cerebellum,0.6940000000000001,0.349,0.157,1.0,,Posterior-Multimodal,10,695
685,686,10180,Posterior-Multimodal-18_R-Cerebellum,0.6940000000000001,0.349,0.157,1.0,,Posterior-Multimodal,10,696
686,687,10190,Posterior-Multimodal-19_R-Cerebellum,0.6940000000000001,0.349,0.157,1.0,,Posterior-Multimodal,10,697
687,688,10200,Posterior-Multimodal-20_R-Cerebellum,0.6940000000000001,0.349,0.157,1.0,,Posterior-Multimodal,10,122
688,689,10210,Posterior-Multimodal-21_L-Diencephalon,0.6940000000000001,0.349,0.157,1.0,,Posterior-Multimodal,10,135
689,690,10220,Posterior-Multimodal-22_L-Diencephalon,0.6940000000000001,0.349,0.157,1.0,,Posterior-Multimodal,10,302
690,691,10230,Posterior-Multimodal-23_L-Diencephalon,0.6940000000000001,0.349,0.157,1.0,,Posterior-Multimodal,10,315
691,692,10240,Posterior-Multimodal-24_R-Diencephalon,0.6940000000000001,0.349,0.157,1.0,,Posterior-Multimodal,10,698
692,693,10250,Posterior-Multimodal-25_R-Diencephalon,0.6940000000000001,0.349,0.157,1.0,,Posterior-Multimodal,10,699
693,694,10260,Posterior-Multimodal-26_R-Diencephalon,0.6940000000000001,0.349,0.157,1.0,,Posterior-Multimodal,10,700
694,695,10270,Posterior-Multimodal-27_R-Diencephalon,0.6940000000000001,0.349,0.157,1.0,,Posterior-Multimodal,10,701
695,696,10280,Posterior-Multimodal-28_L-Thalamus,0.6940000000000001,0.349,0.157,1.0,,Posterior-Multimodal,10,110
696,697,10290,Posterior-Multimodal-29_R-Thalamus,0.6940000000000001,0.349,0.157,1.0,,Posterior-Multimodal,10,112
697,698,11010,Ventral-Multimodal-01_L-Amygdala,1.0,0.616,0.0,1.0,,Ventral-Multimodal,11,166
698,699,11020,Ventral-Multimodal-02_R-Amygdala,1.0,0.616,0.0,1.0,,Ventral-Multimodal,11,290
699,700,11030,Ventral-Multimodal-03_L-Hippocampus,1.0,0.616,0.0,1.0,,Ventral-Multimodal,11,292
700,701,11040,Ventral-Multimodal-04_R-Hippocampus,1.0,0.616,0.0,1.0,,Ventral-Multimodal,11,346
701,702,12010,Orbito-Affective-01_L-Accumbens,0.255,0.49,0.0,0.659,,Orbito-Affective,12,702
702,703,12020,Orbito-Affective-02_R-Accumbens,0.255,0.49,0.0,0.659,,Orbito-Affective,12,703
703,704,12030,Orbito-Affective-03_L-Caudate,0.255,0.49,0.0,0.659,,Orbito-Affective,12,704
704,705,12040,Orbito-Affective-04_R-Caudate,0.255,0.49,0.0,0.659,,Orbito-Affective,12,705
705,706,12050,Orbito-Affective-05_L-Diencephalon,0.255,0.49,0.0,0.659,,Orbito-Affective,12,706
706,707,12060,Orbito-Affective-06_L-Diencephalon,0.255,0.49,0.0,0.659,,Orbito-Affective,12,707
707,708,12070,Orbito-Affective-07_R-Diencephalon,0.255,0.49,0.0,0.659,,Orbito-Affective,12,708
708,709,12080,Orbito-Affective-08_R-Diencephalon,0.255,0.49,0.0,0.659,,Orbito-Affective,12,709
709,710,12090,Orbito-Affective-09_L-Pallidum,0.255,0.49,0.0,0.659,,Orbito-Affective,12,710
710,711,12100,Orbito-Affective-10_L-Pallidum,0.255,0.49,0.0,0.659,,Orbito-Affective,12,711
711,712,12110,Orbito-Affective-11_L-Pallidum,0.255,0.49,0.0,0.659,,Orbito-Affective,12,712
712,713,12120,Orbito-Affective-12_R-Pallidum,0.255,0.49,0.0,0.659,,Orbito-Affective,12,713
713,714,12130,Orbito-Affective-13_R-Pallidum,0.255,0.49,0.0,0.659,,Orbito-Affective,12,714
714,715,12140,Orbito-Affective-14_L-Putamen,0.255,0.49,0.0,0.659,,Orbito-Affective,12,715
715,716,12150,Orbito-Affective-15_L-Putamen,0.255,0.49,0.0,0.659,,Orbito-Affective,12,716
716,717,12160,Orbito-Affective-16_R-Putamen,0.255,0.49,0.0,0.659,,Orbito-Affective,12,717
717,718,12170,Orbito-Affective-17_R-Putamen,0.255,0.49,0.0,0.659,,Orbito-Affective,12,718
